NOMBRE,CLAVE
Gavrielle,Grenauiiiudines
Helena,Arubuiuia
Carly,Indoniuiuesia
Mahalia,Portuiuiugal
Renae,Swaziluind
Maxi,Yemeuiiun
Blinni,Cypiuiuius
Kristan,Croauiuitia
Halette,Yemuiuien
Rani,Myanmuiar
Libbie,Islanuiuids
Maud,Dominicuiuian
Darlleen,Iceluiiiand
Edyth,Jerseiuiuy
Dari,Mauritiuiuius
Louella,Cambodiiuiia
Diena,Monacoiuiu
Delilah,Bouveuuiuiit
Theodora,Pitcairuiuin
Reeba,Cyprusuiui
abcdef123,12345678
nunununu,12345678
edyedy123,12121212
Juancito,juajuajua
Juan,1234512345
Pepe,12345678
Juantito,12345678
Fermati,098765432
mer1,12345678
